distance_km,cost_uah
8.822693,179.55446
9.15004,182.40886
3.8286376,111.785965
9.593057,193.41763
3.9044821,110.58624
6.0089536,136.56442
2.5657248,92.65452
7.9364133,164.25348
9.407715,196.45695
1.3318592,68.71427
9.345981,189.24895
5.9357967,135.1812
8.694044,181.31009
5.6771526,124.523476
7.4109406,160.4937
4.294045,109.20683
8.854429,186.66356
5.7390447,148.87273
2.6658006,92.84505
6.2744913,150.91519
2.6963167,92.61194
4.4136357,112.61858
2.9692082,99.81497
8.3168545,167.48582
1.0531491,74.477936
2.6949482,99.599365
3.5881262,108.22197
1.9936377,80.18496
5.4719157,133.96964
0.06160438,54.449635
9.515545,184.11469
0.75265884,57.07248
8.860137,180.4711
5.8320956,135.80147
3.3764772,100.830734
8.08975,173.81326
5.779254,141.11572
9.039817,186.50948
5.5465984,137.13087
3.423134,101.05741
6.343418,145.83313
3.6441028,106.20555
7.1042876,164.8727
9.46411,192.83727
7.890298,171.3965
2.8141375,100.36641
7.8863235,167.87125
5.8946314,143.84152
7.539175,164.06447
1.9524747,72.61191
0.050457716,52.72943
3.0681973,104.553185
1.1648858,63.503567
9.1026945,188.41658
6.440157,147.0419
7.071068,149.8586
6.581306,145.8883
4.91302,125.68991
8.913041,190.54308
1.447432,70.45203
5.3148184,139.22383
1.5872991,82.28489
6.54176,148.26685
3.2780886,98.29448
6.5320816,150.02396
3.9582925,103.06972
9.146959,191.78697
2.0364904,80.407326
2.0180101,79.17794
2.01783,81.098946
9.497214,203.17906
6.6662555,158.51668
9.811254,204.89902
0.8736187,65.82806
0.040619373,55.57659
1.0881811,68.85607
1.6365546,73.84988
7.025201,149.47427
6.7903795,145.44104
9.154622,189.56177
2.4178731,88.719536
1.591441,71.68428
7.6528907,158.69281
2.9789777,91.75758
8.034619,173.85115
3.8134968,106.83113
7.8602295,166.85542
1.11516,67.559006
2.4767513,77.993126
6.524382,149.6507
6.057038,145.427
3.7252064,116.819275
7.980347,164.77943
8.399046,163.5434
1.3741332,68.95541
2.330659,89.17779
9.57831,192.08345
3.3128376,105.76969
3.227418,105.511116
0.16202688,52.157154
2.136649,82.173225
6.249018,138.41454
4.340034,111.299545
1.3705701,68.52102
5.1172833,128.31192
1.5845925,75.626144
0.7580167,62.71867
2.246687,87.650276
0.62393963,64.08212
1.8163097,69.33262
9.998044,204.9063
5.944375,144.89398
6.5407987,134.5583
0.3365785,51.983643
1.716131,82.70061
3.335721,101.150085
5.7818556,140.14722
0.6003934,52.382954
2.845635,90.10412
2.0066571,83.10078
5.0138564,127.28038
3.139484,103.924034
4.653521,126.77643
1.6118515,70.47981
1.5680242,71.10373
2.0829911,77.543396
3.2885127,100.89909
1.0535955,66.51171
9.192349,186.37737
4.00768,103.0985
9.301984,182.89441
6.5579104,143.39488
0.76601505,59.02023
8.460176,182.58571
3.624276,102.05493
3.0833697,103.35045
0.8496475,66.85005
0.02919674,50.100304
6.4305534,151.20363
3.9077806,106.62503
6.9466157,157.64874
0.89668274,56.885567
8.712146,180.87122
1.3297313,64.09491
4.1366334,123.881584
6.0443487,137.50351
7.581259,161.91129
9.036551,177.08997
9.554796,186.40253
1.0353893,67.965195
6.258336,138.86488
2.8493702,92.9053
4.452076,124.363266
1.2575495,66.6686
9.554293,191.31487
1.3302475,63.30804
7.6722565,173.04083
6.757198,150.7539
6.6247797,146.9566
2.2967691,85.01803
9.544758,198.78445
6.098752,147.72678
5.6432004,141.7449
0.59372604,59.665543
7.0989423,161.96733
4.249897,110.329994
2.7093787,90.9709
9.294733,189.41711
6.114744,141.09093
2.2336178,80.44117
2.4693055,84.62183
4.7612214,118.708885
7.791806,161.57849
3.722331,107.36361
2.1471257,84.28218
3.2877855,95.72971
1.2646258,69.99876
6.783162,153.10843
8.870201,183.35728
0.29279828,48.504784
6.1612535,150.52727
7.582959,168.00072
5.9066467,136.59735
3.2193768,95.24651
7.6097107,167.71246
7.627566,167.06271
6.869636,148.4939
4.121393,115.25245
3.6759937,102.88838
5.5349045,132.65872
4.1167297,109.01117
3.5099947,96.93715
8.196034,167.93585
9.296998,189.13948
4.5050135,112.7718
3.8805156,112.36469
5.0729613,131.99413
4.701459,118.86474
6.2020564,146.27838
6.401168,146.49231
0.45871615,61.644905
3.1548114,103.26752
9.210648,185.3182
6.947775,149.96585
4.7513123,116.45044
1.9854712,66.9481
1.9409746,82.66268
0.5211657,61.9167
3.3701878,105.12459
6.688521,155.37534
8.188108,177.29472
7.308487,158.18832
0.5802798,51.88535
1.9931877,80.8626
4.2109165,110.112076
9.836748,198.3674
5.7232876,133.89339
3.7051463,106.42646
7.0685763,151.67664
3.0955923,96.586426
1.7637217,79.0643
8.649436,177.42221
2.726491,91.80926
3.9976664,108.03169
0.025978684,41.23985
8.346354,177.01886
8.788174,185.76918
6.822241,145.66335
1.513629,79.42369
0.065300465,44.518353
0.93910515,67.9178
8.728501,184.15453
7.400529,164.89735
9.207522,187.82472
7.6193495,157.70459
6.265461,144.77286
4.9510365,125.535706
1.1974698,67.06676
0.7161391,66.73851
0.32325685,52.702766
7.0468097,158.4215
2.54516,85.57032
3.9937372,106.11829
2.1224737,81.45897
4.0888824,102.645226
1.4808255,71.58563
1.7329216,69.16475
6.658554,155.43704
3.514018,100.82842
8.086716,176.23782
3.395956,104.14685
1.3321638,63.325703
4.1178055,121.80252
2.576263,82.37843
3.470292,107.64873
0.24002194,62.46672
7.797455,171.57484
1.5189773,75.22048
7.5130887,170.1561
7.268921,159.10013
8.572164,187.87994
1.1647397,80.58183
8.5959835,180.78502
2.636242,91.445114
6.8553457,159.11581
9.695574,201.52013
4.294841,117.34236
4.961333,141.34167
3.8488472,110.102234
0.8250773,65.62784
7.399514,166.8239
0.03641069,50.63084
8.103999,172.72859
8.741125,188.15862
9.728532,185.58478
3.8206024,111.65188
0.8917904,59.36078
6.124151,136.25777
7.7621365,167.41025
0.023456216,46.444256
3.8650818,104.91653
2.0027227,83.05394
4.562681,114.25931
2.5389326,86.41769
2.956162,96.97143
3.4127057,109.60453
0.24847984,54.210876
9.102537,187.82343
9.191656,190.23871
4.215655,115.05493
4.4305897,115.05284
2.9594004,89.20357
0.4846859,54.782223
0.13427794,51.102764
6.858292,151.81438
2.2547693,87.902626
1.7856151,81.27531
4.6098843,118.378845
3.3349442,97.183174
3.3823962,100.30197
