model,MSE,RMSE,MAE,R2
linear,4.6411213874816895,2.1543262026633037,1.5584290027618408,0.5478472113609314
nn_v1,4.1664814949035645,2.0411960941819296,1.4634760618209839,0.5940881967544556
nn_v2,4.192829608917236,2.0476400096006224,1.424304485321045,0.5915212035179138
nn_v3,4.179389476776123,2.0443555162388276,1.422020673751831,0.5928305983543396
nn_v2_lr_0.01,4.832799434661865,2.1983628987639565,1.5163401365280151,0.5291733145713806
nn_v2_lr_0.0003,4.1868896484375,2.0461890549109825,1.45541512966156,0.5920999050140381
nn_v2_epochs_100,4.2228684425354,2.05496190780642,1.482357382774353,0.5885947346687317
nn_v2_batch_32,4.26753044128418,2.0658001939403965,1.439188003540039,0.584243655204773
nn_v2_sgd,4.076329231262207,2.0189921325409386,1.4330030679702759,0.6028710603713989
